","""","""","""","""","""","""",""""";;;;;
","""","""","""","""","""","""",""""";;;;;
","""","""","""","""","""","""",""""";;;;;
","""","""","""","""","""","""",""""";;;;;
","""","""","""","""","""","""",""""";;;;;
","""","""","""","""","""","""",""""";;;;;
","""",""Longitud de la cadena"",""Brute force time (ms)"",""Candidatos evaluados"",""Estado- Brute Force"",""Dictionary attack time (ms)"",""Estado-Dictionary""";;;;;
",""czwd "",""4"",""1.84598"",""52628"",""Encontrado"",""37.5641"",""No encontrado""";;;;;
",""az8l "",""4"",""3.20237"",""33636"",""Encontrado"",""18.411"",""No encontrado""";;;;;
",""ujuns "",""5"",""565.424"",""9311581"",""Encontrado"",""17.1811"",""No encontrado""";;;;;
",""jwdev "",""5"",""801.771"",""16147030"",""Encontrado"",""16.5671"",""No encontrado""";;;;;
",""snynkn "",""6"",""9.41E+6"",""220236342"",""Encontrado"",""19.2869"",""No encontrado""";;;;;
","""","""","""","""","""","""",""""";;;;;
","""","""","""","""","""","""",""""";;;;;
","""","""","""","""","""","""",""""";;;;;
","""","""","""","""","""","""",""""";;;;;
","""","""","""","""","""","""",""""";;;;;
","""","""","""","""","""","""",""""";;;;;
","""","""","""","""","""","""",""""";;;;;
","""","""","""","""","""","""",""""";;;;;
","""","""","""","""","""","""",""""";;;;;
","""","""","""","""","""","""",""""";;;;;
","""","""","""","""","""","""",""""";;;;;
","""","""","""","""","""","""",""""";;;;;
","""","""","""","""","""","""",""""";;;;;
","""","""","""","""","""","""",""""";;;;;
","""","""","""","""","""","""",""""";;;;;
","""","""","""","""","""","""",""""";;;;;
","""","""","""","""","""","""",""""";;;;;
","""","""","""","""","""","""",""""";;;;;
","""","""","""","""","""","""",""""";;;;;
","""","""","""","""","""","""",""""";;;;;
